{
    "uvs":[[0.969503,0.937354,0.969712,0.969712,1,1,1,0.968165,0.040942,0.040942,0.082439,0.041182,0.963698,0.039234,1,0.038525,0.041676,0,0,0,0.963444,0,1,0]],
    "normals":[0,-0.999969,-0,0,-1,-0,0,0.999969,-0,0,1,-0,0.866421,0,-0.499283,-0.856227,0,-0.516587,0.869686,0,0.493545,-0.864986,0,-0.501785,0.864132,0,-0.50322,-0.866909,0,0.498459,-0.8717,0,-0.490005,0,0,1,0,0,-1,0.885739,0,-0.464125],
    "name":"triangle_thingieGeometry",
    "vertices":[0,16.207,-1.11376,-0.531069,17.1021,-1.11376,0,17.9823,-1.11376,0.507236,17.1021,-1.11376,-15.9217,-9.42857,-1.11376,-14.5481,-9.42857,-1.11376,14.7401,-9.42857,-1.11376,15.9571,-9.42857,-1.11376,-15.0723,-10.3556,-1.11376,-16.4428,-10.3556,-1.11376,15.2407,-10.3556,-1.11376,16.4428,-10.3556,-1.11376,0,16.207,2e-06,0.507236,17.1021,2e-06,0,17.9823,2e-06,-0.531069,17.1021,2e-06,-15.9217,-9.42857,-1e-06,-14.5481,-9.42857,-1e-06,14.7401,-9.42857,-1e-06,15.9571,-9.42857,-1e-06,-15.0723,-10.3556,-1e-06,-16.4428,-10.3556,-1e-06,15.2407,-10.3556,-1e-06,16.4428,-10.3556,-1e-06,15.2407,-10.3556,-1e-06,16.4428,-10.3556,-1e-06,16.4428,-10.3556,-1e-06,-15.0723,-10.3556,-1.11376,-16.4428,-10.3556,-1.11376,-16.4428,-10.3556,-1.11376,14.7401,-9.42857,-1.11376,14.7401,-9.42857,-1.11376,14.7401,-9.42857,-1e-06,14.7401,-9.42857,-1e-06,0.507236,17.1021,2e-06,0.507236,17.1021,2e-06,15.9571,-9.42857,-1e-06,15.9571,-9.42857,-1e-06,0,16.207,2e-06,0,16.207,2e-06,-14.5481,-9.42857,-1.11376,-14.5481,-9.42857,-1.11376,16.4428,-10.3556,-1.11376,16.4428,-10.3556,-1.11376,0,17.9823,2e-06,0,17.9823,2e-06,-15.9217,-9.42857,-1.11376,-15.9217,-9.42857,-1.11376,0,16.207,-1.11376,0,16.207,-1.11376,0,17.9823,-1.11376,0,17.9823,-1.11376,0.507236,17.1021,-1.11376,0.507236,17.1021,-1.11376,-14.5481,-9.42857,-1e-06,-14.5481,-9.42857,-1e-06,15.9571,-9.42857,-1.11376,15.9571,-9.42857,-1.11376,15.2407,-10.3556,-1.11376,-15.9217,-9.42857,-1e-06,-15.9217,-9.42857,-1e-06,-16.4428,-10.3556,-1e-06,-16.4428,-10.3556,-1e-06,-0.531069,17.1021,-1.11376,-0.531069,17.1021,-1.11376,-0.531069,17.1021,2e-06,-0.531069,17.1021,2e-06,-15.0723,-10.3556,-1e-06],
    "faces":[41,48,63,50,52,0,1,2,3,0,1,1,1,41,46,63,48,40,4,1,0,5,1,1,0,1,41,31,48,52,57,6,0,3,7,1,0,1,1,41,27,28,46,40,8,9,4,5,0,1,1,1,41,58,27,40,31,10,8,5,6,1,0,1,1,41,43,58,31,57,11,10,6,7,1,1,1,1,41,38,34,44,65,0,3,2,1,2,3,3,3,41,59,54,38,65,4,5,0,1,3,3,2,3,41,33,36,34,38,6,7,3,0,3,3,3,2,41,67,54,59,62,8,5,4,9,2,3,3,3,41,24,33,54,67,10,6,5,8,3,3,3,2,41,25,36,33,24,11,7,6,10,3,3,3,3,41,35,53,51,45,3,3,2,2,4,4,4,4,41,14,2,64,66,2,2,1,1,5,5,5,5,41,55,41,49,39,5,5,0,0,6,6,6,6,41,15,1,47,60,1,1,4,4,7,7,7,7,41,37,56,3,13,7,7,3,3,8,8,8,8,41,12,0,30,32,0,0,6,6,9,9,9,9,41,16,4,29,61,4,4,9,9,10,10,10,10,41,21,9,8,20,9,9,8,8,11,11,11,11,41,18,6,5,17,6,6,5,5,12,12,12,12,41,20,8,10,22,8,8,10,10,11,11,11,11,41,26,42,7,19,11,11,7,7,13,13,13,13,41,22,10,11,23,10,10,11,11,11,11,11,11],
    "metadata":{
        "generator":"io_three",
        "uvs":1,
        "normals":14,
        "type":"Geometry",
        "vertices":68,
        "version":3,
        "faces":24
    }
}