{
    "uvs":[[0.969503,0.937354,0.969712,0.969712,1,1,1,0.968165,0.040942,0.040942,0.082439,0.041182,0.963698,0.039234,1,0.038525,0.041676,0,0,0,0.963444,0,1,0]],
    "normals":[0,-0.999969,-0.00177,0,-0.999969,-0.000916,0,-0.999969,-0.003021,0,-0.999969,-0.000946,0,-1,3.1e-05,0,-1,-0,0,0.999969,-0.00177,0,0.999969,-0.000946,0,0.999969,-0.003021,0,0.999969,-0.000916,0,1,3.1e-05,0,0.999969,-0,0,1,-0,0.848262,0,-0.529527,-0.843928,0,-0.536424,0.864956,-0.083407,0.494797,-0.865291,0,-0.501236,0.865261,0,-0.501297,-0.864834,-0.083377,0.495041,-0.856655,0,-0.515824,0,0,1,0,0,-1,0.872005,0,-0.489456],
    "name":"tri-smGeometry",
    "vertices":[0.00551,17.3741,-0.617684,-0.400167,17.3741,-0.617684,0,18.0037,-0.615776,0.39298,17.3741,-0.617684,-15.9624,-9.49014,-0.615779,-15.6281,-9.8392,-0.615779,15.6484,-9.8392,-0.615779,15.9571,-9.49015,-0.615779,-15.0723,-10.3556,-0.615779,-16.4835,-10.3556,-0.615779,15.2407,-10.3556,-0.615779,16.4428,-10.3556,-0.615779,0.00551,17.3741,0.068338,0.39298,17.3741,0.068338,0,18.0037,0.06643,-0.400167,17.3741,0.068338,-15.9624,-9.49014,0.066427,-15.4962,-9.8392,0.066427,15.5165,-9.8392,0.066427,15.9571,-9.49015,0.066427,-15.0723,-10.3556,0.066427,-16.4835,-10.3556,0.066427,15.2407,-10.3556,0.066427,16.4428,-10.3556,0.066427,15.2407,-10.3556,0.066427,16.4428,-10.3556,0.066427,16.4428,-10.3556,0.066427,-15.0723,-10.3556,-0.615779,-16.4835,-10.3556,-0.615779,-16.4835,-10.3556,-0.615779,15.6484,-9.8392,-0.615779,15.6484,-9.8392,-0.615779,15.5165,-9.8392,0.066427,15.5165,-9.8392,0.066427,0.39298,17.3741,0.068338,0.39298,17.3741,0.068338,15.9571,-9.49015,0.066427,15.9571,-9.49015,0.066427,0.00551,17.3741,0.068338,0.00551,17.3741,0.068338,-15.6281,-9.8392,-0.615779,-15.6281,-9.8392,-0.615779,16.4428,-10.3556,-0.615779,16.4428,-10.3556,-0.615779,0,18.0037,0.06643,0,18.0037,0.06643,-15.9624,-9.49014,-0.615779,-15.9624,-9.49014,-0.615779,0.00551,17.3741,-0.617684,0.00551,17.3741,-0.617684,0,18.0037,-0.615776,0,18.0037,-0.615776,0.39298,17.3741,-0.617684,0.39298,17.3741,-0.617684,-15.4962,-9.8392,0.066427,-15.4962,-9.8392,0.066427,15.9571,-9.49015,-0.615779,15.9571,-9.49015,-0.615779,15.2407,-10.3556,-0.615779,-15.9624,-9.49014,0.066427,-15.9624,-9.49014,0.066427,-16.4835,-10.3556,0.066427,-16.4835,-10.3556,0.066427,-0.400167,17.3741,-0.617684,-0.400167,17.3741,-0.617684,-0.400167,17.3741,0.068338,-0.400167,17.3741,0.068338,-15.0723,-10.3556,0.066427],
    "faces":[41,48,63,50,52,0,1,2,3,0,1,2,3,41,46,63,48,40,4,1,0,5,4,1,0,5,41,31,48,52,57,6,0,3,7,5,0,3,4,41,27,28,46,40,8,9,4,5,5,5,4,5,41,58,27,40,31,10,8,5,6,5,5,5,5,41,43,58,31,57,11,10,6,7,5,5,5,4,41,38,34,44,65,0,3,2,1,6,7,8,9,41,59,54,38,65,4,5,0,1,10,11,6,9,41,33,36,34,38,6,7,3,0,12,10,7,6,41,67,54,59,62,8,5,4,9,12,11,10,12,41,24,33,54,67,10,6,5,8,12,12,11,12,41,25,36,33,24,11,7,6,10,12,10,12,12,41,35,53,51,45,3,3,2,2,13,13,13,13,41,14,2,64,66,2,2,1,1,14,14,14,14,41,55,41,49,39,5,5,0,0,15,15,15,15,41,15,1,47,60,1,1,4,4,16,16,16,16,41,37,56,3,13,7,7,3,3,17,17,17,17,41,12,0,30,32,0,0,6,6,18,18,18,18,41,16,4,29,61,4,4,9,9,19,19,19,19,41,21,9,8,20,9,9,8,8,20,20,20,20,41,18,6,5,17,6,6,5,5,21,21,21,21,41,20,8,10,22,8,8,10,10,20,20,20,20,41,26,42,7,19,11,11,7,7,22,22,22,22,41,22,10,11,23,10,10,11,11,20,20,20,20],
    "metadata":{
        "generator":"io_three",
        "uvs":1,
        "normals":23,
        "type":"Geometry",
        "vertices":68,
        "version":3,
        "faces":24
    }
}